Barcode,,,,,,,,,,,,,,,,,,,,,,,,,,,,,,
Block Type,384-Well Block,,,,,,,,,,,,,,,,,,,,,,,,,,,,,
Calibration Background is expired ,Yes,,,,,,,,,,,,,,,,,,,,,,,,,,,,,
Calibration Background performed on ,04-21-2017 11:14:10 BST,,,,,,,,,,,,,,,,,,,,,,,,,,,,,
Calibration FAM is expired ,Yes,,,,,,,,,,,,,,,,,,,,,,,,,,,,,
Calibration FAM performed on ,04-21-2017 15:10:11 BST,,,,,,,,,,,,,,,,,,,,,,,,,,,,,
Calibration NED is expired ,Yes,,,,,,,,,,,,,,,,,,,,,,,,,,,,,
Calibration NED performed on ,04-21-2017 11:59:55 BST,,,,,,,,,,,,,,,,,,,,,,,,,,,,,
Calibration ROI is expired ,Yes,,,,,,,,,,,,,,,,,,,,,,,,,,,,,
Calibration ROI performed on ,04-21-2017 11:03:51 BST,,,,,,,,,,,,,,,,,,,,,,,,,,,,,
Calibration ROX is expired ,Yes,,,,,,,,,,,,,,,,,,,,,,,,,,,,,
Calibration ROX performed on ,04-21-2017 12:19:51 BST,,,,,,,,,,,,,,,,,,,,,,,,,,,,,
Calibration SYBR is expired ,Yes,,,,,,,,,,,,,,,,,,,,,,,,,,,,,
Calibration SYBR performed on ,04-21-2017 15:20:02 BST,,,,,,,,,,,,,,,,,,,,,,,,,,,,,
Calibration TAMRA is expired ,Yes,,,,,,,,,,,,,,,,,,,,,,,,,,,,,
Calibration TAMRA performed on ,04-21-2017 15:29:52 BST,,,,,,,,,,,,,,,,,,,,,,,,,,,,,
Calibration Uniformity is expired ,Yes,,,,,,,,,,,,,,,,,,,,,,,,,,,,,
Calibration Uniformity performed on ,04-21-2017 11:28:16 BST,,,,,,,,,,,,,,,,,,,,,,,,,,,,,
Calibration VIC is expired ,Yes,,,,,,,,,,,,,,,,,,,,,,,,,,,,,
Calibration VIC performed on ,04-21-2017 12:09:46 BST,,,,,,,,,,,,,,,,,,,,,,,,,,,,,
Chemistry,SYBR_GREEN,,,,,,,,,,,,,,,,,,,,,,,,,,,,,
Comment,,,,,,,,,,,,,,,,,,,,,,,,,,,,,,
Date Created,06-13-2018 22:43:58 BST,,,,,,,,,,,,,,,,,,,,,,,,,,,,,
Experiment File Name,redacted,,,,,,,,,,,,,,,,,,,,,,,,,,,,,
Experiment Name,redacted,,,,,,,,,,,,,,,,,,,,,,,,,,,,,
Experiment Run End Time,redacted,,,,,,,,,,,,,,,,,,,,,,,,,,,,,
Experiment Type,Comparative C? (??C?) ,,,,,,,,,,,,,,,,,,,,,,,,,,,,,
Instrument Name,redacted,,,,,,,,,,,,,,,,,,,,,,,,,,,,,
Instrument Serial Number,redacted,,,,,,,,,,,,,,,,,,,,,,,,,,,,,
Instrument Type,QuantStudio 12K Flex,,,,,,,,,,,,,,,,,,,,,,,,,,,,,
Passive Reference,ROX,,,,,,,,,,,,,,,,,,,,,,,,,,,,,
Quantification Cycle Method,Ct,,,,,,,,,,,,,,,,,,,,,,,,,,,,,
Signal Smoothing On,TRUE,,,,,,,,,,,,,,,,,,,,,,,,,,,,,
Stage/ Cycle where Analysis is performed,"Stage 2, Step 2",,,,,,,,,,,,,,,,,,,,,,,,,,,,,
User Name,,,,,,,,,,,,,,,,,,,,,,,,,,,,,,
,,,,,,,,,,,,,,,,,,,,,,,,,,,,,,
Well,Well Position,Omit,Sample Name,Target Name,Task,Reporter,Quencher,RQ,RQ Min,RQ Max,CT,Ct Mean,Ct SD,Quantity,Delta Ct Mean,Delta Ct SD,Delta Delta Ct,Automatic Ct Threshold,Ct Threshold,Automatic Baseline,Baseline Start,Baseline End,Efficiency,Comments,Amp Score,HIGHSD,Tm1,Tm2,Tm3,OUTLIERRG
1,A1,FALSE,D0 Untreated Rep 1,Target1,UNKNOWN,SYBR,None,1,0.962,1.039,29.069,29.068,0.027,,10.595,0.055,0,TRUE,0.093,TRUE,3,25,,,1.211,N,73.37,,,N
2,A2,FALSE,D0 Untreated Rep 1,Target1,UNKNOWN,SYBR,None,1,0.962,1.039,29.04,29.068,0.027,,10.595,0.055,0,TRUE,0.093,TRUE,3,25,,,1.208,N,73.626,,,N
3,A3,FALSE,D0 Untreated Rep 1,Target1,UNKNOWN,SYBR,None,1,0.962,1.039,29.094,29.068,0.027,,10.595,0.055,0,TRUE,0.093,TRUE,3,25,,,1.205,N,73.626,,,N
4,A4,FALSE,D0 Untreated Rep 2,Target1,UNKNOWN,SYBR,None,1.314,1.215,1.421,28.902,28.802,0.11,,10.201,0.113,-0.394,TRUE,0.093,TRUE,3,24,,,1.2,N,73.626,,,N
5,A5,FALSE,D0 Untreated Rep 2,Target1,UNKNOWN,SYBR,None,1.314,1.215,1.421,28.821,28.802,0.11,,10.201,0.113,-0.394,TRUE,0.093,TRUE,3,24,,,1.212,N,73.754,,,N
6,A6,FALSE,D0 Untreated Rep 2,Target1,UNKNOWN,SYBR,None,1.314,1.215,1.421,28.684,28.802,0.11,,10.201,0.113,-0.394,TRUE,0.093,TRUE,3,24,,,1.246,N,73.754,,,N
7,A7,FALSE,1d Condition A Rep 1,Target1,UNKNOWN,SYBR,None,1.036,0.915,1.173,29.347,29.48,0.173,,10.544,0.179,-0.051,TRUE,0.093,TRUE,3,25,,,1.242,N,73.883,,,N
8,A8,FALSE,1d Condition A Rep 1,Target1,UNKNOWN,SYBR,None,1.036,0.915,1.173,29.675,29.48,0.173,,10.544,0.179,-0.051,TRUE,0.093,TRUE,3,25,,,1.21,N,73.883,,,N
9,A9,FALSE,1d Condition A Rep 1,Target1,UNKNOWN,SYBR,None,1.036,0.915,1.173,29.418,29.48,0.173,,10.544,0.179,-0.051,TRUE,0.093,TRUE,3,25,,,1.22,N,74.011,,,N
10,A10,FALSE,1d Condition A Rep 2,Target1,UNKNOWN,SYBR,None,1.087,0.565,2.089,29.519,29.548,0.199,,10.476,0.943,-0.12,TRUE,0.093,TRUE,3,25,,,1.215,N,73.883,,,N
11,A11,FALSE,1d Condition A Rep 2,Target1,UNKNOWN,SYBR,None,1.087,0.565,2.089,29.759,29.548,0.199,,10.476,0.943,-0.12,TRUE,0.093,TRUE,3,25,,,1.23,N,73.883,,,N
12,A12,FALSE,1d Condition A Rep 2,Target1,UNKNOWN,SYBR,None,1.087,0.565,2.089,29.365,29.548,0.199,,10.476,0.943,-0.12,TRUE,0.093,TRUE,3,25,,,1.225,N,74.139,,,N
13,A13,FALSE,1d Condition B Rep 1,Target1,UNKNOWN,SYBR,None,4.571,3.88,5.385,26.823,27.013,0.17,,8.403,0.236,-2.192,TRUE,0.093,TRUE,3,22,,,1.213,N,74.011,,,N
14,A14,FALSE,1d Condition B Rep 1,Target1,UNKNOWN,SYBR,None,4.571,3.88,5.385,27.065,27.013,0.17,,8.403,0.236,-2.192,TRUE,0.093,TRUE,3,23,,,1.23,N,74.011,,,N
15,A15,FALSE,1d Condition B Rep 1,Target1,UNKNOWN,SYBR,None,4.571,3.88,5.385,27.151,27.013,0.17,,8.403,0.236,-2.192,TRUE,0.093,TRUE,3,23,,,1.229,N,74.011,,,N
16,A16,FALSE,1d Condition B Rep 2,Target1,UNKNOWN,SYBR,None,5.327,3.576,7.936,26.831,26.928,0.56,,8.182,0.575,-2.413,TRUE,0.093,TRUE,3,22,,,1.234,Y,74.011,,,N
17,A17,FALSE,1d Condition B Rep 2,Target1,UNKNOWN,SYBR,None,5.327,3.576,7.936,27.53,26.928,0.56,,8.182,0.575,-2.413,TRUE,0.093,TRUE,3,23,,,1.208,Y,73.626,,,N
18,A18,FALSE,1d Condition B Rep 2,Target1,UNKNOWN,SYBR,None,5.327,3.576,7.936,26.422,26.928,0.56,,8.182,0.575,-2.413,TRUE,0.093,TRUE,3,22,,,1.236,Y,74.396,,,N
19,A19,FALSE,2d Condition A Rep 1,Target1,UNKNOWN,SYBR,None,10.855,6.956,16.939,25.864,25.956,0.09,,7.155,0.642,-3.44,TRUE,0.093,TRUE,3,22,,,1.216,N,74.011,,,N
20,A20,FALSE,2d Condition A Rep 1,Target1,UNKNOWN,SYBR,None,10.855,6.956,16.939,26.044,25.956,0.09,,7.155,0.642,-3.44,TRUE,0.093,TRUE,3,22,,,1.227,N,73.883,,,N
21,A21,FALSE,2d Condition A Rep 1,Target1,UNKNOWN,SYBR,None,10.855,6.956,16.939,25.96,25.956,0.09,,7.155,0.642,-3.44,TRUE,0.093,TRUE,3,21,,,1.228,N,73.883,,,N
22,A22,FALSE,2d Condition A Rep 2,Target1,UNKNOWN,SYBR,None,8.928,7.251,10.992,26.107,26.001,0.134,,7.437,0.3,-3.158,TRUE,0.093,TRUE,3,22,,,1.224,N,73.883,,,N
23,A23,FALSE,2d Condition A Rep 2,Target1,UNKNOWN,SYBR,None,8.928,7.251,10.992,26.045,26.001,0.134,,7.437,0.3,-3.158,TRUE,0.093,TRUE,3,22,,,1.222,N,73.754,,,N
24,A24,FALSE,2d Condition A Rep 2,Target1,UNKNOWN,SYBR,None,8.928,7.251,10.992,25.851,26.001,0.134,,7.437,0.3,-3.158,TRUE,0.093,TRUE,3,21,,,1.216,N,73.883,,,N
25,B1,FALSE,D0 Untreated Rep 1,Target2,UNKNOWN,SYBR,None,1,0.547,1.827,36.565,37.049,0.868,,18.577,0.869,0,TRUE,0.111,TRUE,3,32,,,1.108,Y,69.394,,,N
26,B2,FALSE,D0 Untreated Rep 1,Target2,UNKNOWN,SYBR,None,1,0.547,1.827,38.051,37.049,0.868,,18.577,0.869,0,TRUE,0.111,TRUE,3,33,,,0.982,Y,68.881,,,Y
27,B3,FALSE,D0 Untreated Rep 1,Target2,UNKNOWN,SYBR,None,1,0.547,1.827,36.531,37.049,0.868,,18.577,0.869,0,TRUE,0.111,TRUE,3,31,,,1.12,Y,69.522,,,N
28,B4,FALSE,D0 Untreated Rep 2,Target2,UNKNOWN,SYBR,None,1.56,1.127,2.159,37.051,36.536,0.468,,17.935,0.469,-0.642,TRUE,0.111,TRUE,3,32,,,1.09,N,69.266,,,N
29,B5,FALSE,D0 Untreated Rep 2,Target2,UNKNOWN,SYBR,None,1.56,1.127,2.159,36.137,36.536,0.468,,17.935,0.469,-0.642,TRUE,0.111,TRUE,3,31,,,1.145,N,69.651,,,N
30,B6,FALSE,D0 Untreated Rep 2,Target2,UNKNOWN,SYBR,None,1.56,1.127,2.159,36.419,36.536,0.468,,17.935,0.469,-0.642,TRUE,0.111,TRUE,3,31,,,1.129,N,69.779,,,N
31,B7,FALSE,1d Condition A Rep 1,Target2,UNKNOWN,SYBR,None,15.225,4.189,55.33,35.537,33.584,1.861,,14.648,1.862,-3.928,TRUE,0.111,TRUE,3,30,,,1.19,Y,69.394,,,N
32,B8,FALSE,1d Condition A Rep 1,Target2,UNKNOWN,SYBR,None,15.225,4.189,55.33,31.831,33.584,1.861,,14.648,1.862,-3.928,TRUE,0.111,TRUE,3,27,,,1.358,Y,70.163,,,N
33,B9,FALSE,1d Condition A Rep 1,Target2,UNKNOWN,SYBR,None,15.225,4.189,55.33,33.384,33.584,1.861,,14.648,1.862,-3.928,TRUE,0.111,TRUE,3,28,,,1.317,Y,69.907,,,N
34,B10,FALSE,1d Condition A Rep 2,Target2,UNKNOWN,SYBR,None,34.761,18.082,66.823,32.436,32.529,0.198,,13.457,0.943,-5.119,TRUE,0.111,TRUE,3,27,,,1.328,N,69.907,,,N
35,B11,FALSE,1d Condition A Rep 2,Target2,UNKNOWN,SYBR,None,34.761,18.082,66.823,32.395,32.529,0.198,,13.457,0.943,-5.119,TRUE,0.111,TRUE,3,27,,,1.333,N,69.907,,,N
36,B12,FALSE,1d Condition A Rep 2,Target2,UNKNOWN,SYBR,None,34.761,18.082,66.823,32.757,32.529,0.198,,13.457,0.943,-5.119,TRUE,0.111,TRUE,3,28,,,1.326,N,69.907,,,N
37,B13,FALSE,1d Condition B Rep 1,Target2,UNKNOWN,SYBR,None,3.651,3.035,4.393,35.56,35.318,0.21,,16.708,0.267,-1.868,TRUE,0.111,TRUE,3,30,,,1.216,N,70.035,,,N
38,B14,FALSE,1d Condition B Rep 1,Target2,UNKNOWN,SYBR,None,3.651,3.035,4.393,35.216,35.318,0.21,,16.708,0.267,-1.868,TRUE,0.111,TRUE,3,30,,,1.246,N,70.035,,,N
39,B15,FALSE,1d Condition B Rep 1,Target2,UNKNOWN,SYBR,None,3.651,3.035,4.393,35.179,35.318,0.21,,16.708,0.267,-1.868,TRUE,0.111,TRUE,3,30,,,1.237,N,69.907,,,N
40,B16,FALSE,1d Condition B Rep 2,Target2,UNKNOWN,SYBR,None,5.43,4.595,6.417,34.878,34.881,0.203,,16.136,0.241,-2.441,TRUE,0.111,TRUE,3,30,,,1.252,N,69.907,,,N
41,B17,FALSE,1d Condition B Rep 2,Target2,UNKNOWN,SYBR,None,5.43,4.595,6.417,35.086,34.881,0.203,,16.136,0.241,-2.441,TRUE,0.111,TRUE,3,30,,,1.25,N,70.035,,,N
42,B18,FALSE,1d Condition B Rep 2,Target2,UNKNOWN,SYBR,None,5.43,4.595,6.417,34.68,34.881,0.203,,16.136,0.241,-2.441,TRUE,0.111,TRUE,3,30,,,1.26,N,69.907,,,N
43,B19,FALSE,2d Condition A Rep 1,Target2,UNKNOWN,SYBR,None,89.679,57.213,140.57,30.982,30.891,0.128,,12.09,0.648,-6.487,TRUE,0.111,TRUE,3,26,,,1.349,N,69.779,,,N
44,B20,FALSE,2d Condition A Rep 1,Target2,UNKNOWN,SYBR,None,89.679,57.213,140.57,30.744,30.891,0.128,,12.09,0.648,-6.487,TRUE,0.111,TRUE,3,26,,,1.355,N,69.779,,,N
45,B21,FALSE,2d Condition A Rep 1,Target2,UNKNOWN,SYBR,None,89.679,57.213,140.57,30.946,30.891,0.128,,12.09,0.648,-6.487,TRUE,0.111,TRUE,3,26,,,1.342,N,69.779,,,N
46,B22,FALSE,2d Condition A Rep 2,Target2,UNKNOWN,SYBR,None,61.366,50.847,74.061,31.197,31.201,0.038,,12.637,0.271,-5.939,TRUE,0.111,TRUE,3,26,,,1.341,N,69.779,,,N
47,B23,FALSE,2d Condition A Rep 2,Target2,UNKNOWN,SYBR,None,61.366,50.847,74.061,31.241,31.201,0.038,,12.637,0.271,-5.939,TRUE,0.111,TRUE,3,26,,,1.335,N,69.651,,,N
48,B24,FALSE,2d Condition A Rep 2,Target2,UNKNOWN,SYBR,None,61.366,50.847,74.061,31.166,31.201,0.038,,12.637,0.271,-5.939,TRUE,0.111,TRUE,3,26,,,1.332,N,69.651,,,N
49,C1,FALSE,D0 Untreated Rep 1,Target3,UNKNOWN,SYBR,None,1,0.908,1.102,30.726,30.834,0.131,,12.362,0.14,0,TRUE,0.249,TRUE,3,25,,,1.388,N,78.756,,,N
50,C2,FALSE,D0 Untreated Rep 1,Target3,UNKNOWN,SYBR,None,1,0.908,1.102,30.98,30.834,0.131,,12.362,0.14,0,TRUE,0.249,TRUE,3,25,,,1.394,N,79.012,,,N
51,C3,FALSE,D0 Untreated Rep 1,Target3,UNKNOWN,SYBR,None,1,0.908,1.102,30.797,30.834,0.131,,12.362,0.14,0,TRUE,0.249,TRUE,3,25,,,1.397,N,79.012,,,N
52,C4,FALSE,D0 Untreated Rep 2,Target3,UNKNOWN,SYBR,None,0.917,0.797,1.056,31.32,31.088,0.201,,12.487,0.203,0.125,TRUE,0.249,TRUE,3,25,,,1.409,N,79.141,,,N
53,C5,FALSE,D0 Untreated Rep 2,Target3,UNKNOWN,SYBR,None,0.917,0.797,1.056,30.978,31.088,0.201,,12.487,0.203,0.125,TRUE,0.249,TRUE,3,25,,,1.405,N,79.269,,,N
54,C6,FALSE,D0 Untreated Rep 2,Target3,UNKNOWN,SYBR,None,0.917,0.797,1.056,30.965,31.088,0.201,,12.487,0.203,0.125,TRUE,0.249,TRUE,3,25,,,1.4,N,79.269,,,N
55,C7,FALSE,1d Condition A Rep 1,Target3,UNKNOWN,SYBR,None,1.284,0.826,1.995,30.58,30.937,0.634,,12.001,0.636,-0.361,TRUE,0.249,TRUE,3,25,,,1.405,Y,79.141,,,N
56,C8,FALSE,1d Condition A Rep 1,Target3,UNKNOWN,SYBR,None,1.284,0.826,1.995,30.562,30.937,0.634,,12.001,0.636,-0.361,TRUE,0.249,TRUE,3,25,,,1.408,Y,79.397,,,N
57,C9,FALSE,1d Condition A Rep 1,Target3,UNKNOWN,SYBR,None,1.284,0.826,1.995,31.669,30.937,0.634,,12.001,0.636,-0.361,TRUE,0.249,TRUE,3,26,,,1.366,Y,78.499,,,Y
58,C10,FALSE,1d Condition A Rep 2,Target3,UNKNOWN,SYBR,None,1.83,0.956,3.503,30.753,30.562,0.166,,11.49,0.937,-0.872,TRUE,0.249,TRUE,3,25,,,1.405,N,79.397,,,N
59,C11,FALSE,1d Condition A Rep 2,Target3,UNKNOWN,SYBR,None,1.83,0.956,3.503,30.457,30.562,0.166,,11.49,0.937,-0.872,TRUE,0.249,TRUE,3,24,,,1.409,N,79.397,,,N
60,C12,FALSE,1d Condition A Rep 2,Target3,UNKNOWN,SYBR,None,1.83,0.956,3.503,30.476,30.562,0.166,,11.49,0.937,-0.872,TRUE,0.249,TRUE,3,25,,,1.408,N,79.397,,,N
61,C13,FALSE,1d Condition B Rep 1,Target3,UNKNOWN,SYBR,None,1.801,1.045,3.103,30.983,30.124,0.768,,11.513,0.785,-0.849,TRUE,0.249,TRUE,3,25,,,1.379,Y,78.884,,,N
62,C14,FALSE,1d Condition B Rep 1,Target3,UNKNOWN,SYBR,None,1.801,1.045,3.103,29.504,30.124,0.768,,11.513,0.785,-0.849,TRUE,0.249,TRUE,3,24,,,1.421,Y,79.91,,,N
63,C15,FALSE,1d Condition B Rep 1,Target3,UNKNOWN,SYBR,None,1.801,1.045,3.103,29.884,30.124,0.768,,11.513,0.785,-0.849,TRUE,0.249,TRUE,3,24,,,1.404,Y,79.397,,,N
64,C16,FALSE,1d Condition B Rep 2,Target3,UNKNOWN,SYBR,None,1.928,1.527,2.433,30.297,30.161,0.31,,11.415,0.336,-0.947,TRUE,0.249,TRUE,3,24,,,1.388,N,79.012,,,N
65,C17,FALSE,1d Condition B Rep 2,Target3,UNKNOWN,SYBR,None,1.928,1.527,2.433,29.806,30.161,0.31,,11.415,0.336,-0.947,TRUE,0.249,TRUE,3,24,,,1.418,N,79.91,,,N
66,C18,FALSE,1d Condition B Rep 2,Target3,UNKNOWN,SYBR,None,1.928,1.527,2.433,30.379,30.161,0.31,,11.415,0.336,-0.947,TRUE,0.249,TRUE,3,25,,,1.406,N,79.397,,,N
67,C19,FALSE,2d Condition A Rep 1,Target3,UNKNOWN,SYBR,None,1.599,1.015,2.517,30.412,30.486,0.158,,11.685,0.655,-0.677,TRUE,0.249,TRUE,3,25,,,1.407,N,79.397,,,N
68,C20,FALSE,2d Condition A Rep 1,Target3,UNKNOWN,SYBR,None,1.599,1.015,2.517,30.379,30.486,0.158,,11.685,0.655,-0.677,TRUE,0.249,TRUE,3,25,,,1.41,N,79.397,,,N
69,C21,FALSE,2d Condition A Rep 1,Target3,UNKNOWN,SYBR,None,1.599,1.015,2.517,30.668,30.486,0.158,,11.685,0.655,-0.677,TRUE,0.249,TRUE,3,25,,,1.4,N,79.269,,,N
70,C22,FALSE,2d Condition A Rep 2,Target3,UNKNOWN,SYBR,None,1.547,1.153,2.076,30.288,30.296,0.328,,11.732,0.424,-0.63,TRUE,0.249,TRUE,3,25,,,1.405,N,79.269,,,N
71,C23,FALSE,2d Condition A Rep 2,Target3,UNKNOWN,SYBR,None,1.547,1.153,2.076,29.972,30.296,0.328,,11.732,0.424,-0.63,TRUE,0.249,TRUE,3,24,,,1.394,N,79.269,,,N
72,C24,FALSE,2d Condition A Rep 2,Target3,UNKNOWN,SYBR,None,1.547,1.153,2.076,30.628,30.296,0.328,,11.732,0.424,-0.63,TRUE,0.249,TRUE,3,25,,,1.4,N,79.397,,,N
73,D1,FALSE,D0 Untreated Rep 1,Target4,UNKNOWN,SYBR,None,1,0.88,1.137,28.614,28.425,0.178,,9.953,0.185,0,TRUE,0.15,TRUE,3,24,,,1.394,N,73.626,,,N
74,D2,FALSE,D0 Untreated Rep 1,Target4,UNKNOWN,SYBR,None,1,0.88,1.137,28.26,28.425,0.178,,9.953,0.185,0,TRUE,0.15,TRUE,3,23,,,1.396,N,73.883,,,N
75,D3,FALSE,D0 Untreated Rep 1,Target4,UNKNOWN,SYBR,None,1,0.88,1.137,28.401,28.425,0.178,,9.953,0.185,0,TRUE,0.15,TRUE,3,23,,,1.4,N,73.754,,,N
76,D4,FALSE,D0 Untreated Rep 2,Target4,UNKNOWN,SYBR,None,1.017,0.972,1.065,28.598,28.529,0.061,,9.928,0.066,-0.025,TRUE,0.15,TRUE,3,24,,,1.403,N,73.883,,,N
77,D5,FALSE,D0 Untreated Rep 2,Target4,UNKNOWN,SYBR,None,1.017,0.972,1.065,28.509,28.529,0.061,,9.928,0.066,-0.025,TRUE,0.15,TRUE,3,24,,,1.405,N,74.011,,,N
78,D6,FALSE,D0 Untreated Rep 2,Target4,UNKNOWN,SYBR,None,1.017,0.972,1.065,28.481,28.529,0.061,,9.928,0.066,-0.025,TRUE,0.15,TRUE,3,23,,,1.399,N,74.011,,,N
79,D7,FALSE,1d Condition A Rep 1,Target4,UNKNOWN,SYBR,None,0.474,0.227,0.989,29.028,29.966,1.06,,11.03,1.061,1.078,TRUE,0.15,TRUE,3,24,,,1.423,Y,74.524,,,N
80,D8,FALSE,1d Condition A Rep 1,Target4,UNKNOWN,SYBR,None,0.474,0.227,0.989,31.116,29.966,1.06,,11.03,1.061,1.078,TRUE,0.15,TRUE,3,26,,,1.383,Y,73.498,,,N
81,D9,FALSE,1d Condition A Rep 1,Target4,UNKNOWN,SYBR,None,0.474,0.227,0.989,29.754,29.966,1.06,,11.03,1.061,1.078,TRUE,0.15,TRUE,3,25,,,1.419,Y,74.524,,,N
82,D10,FALSE,1d Condition A Rep 2,Target4,UNKNOWN,SYBR,None,0.703,0.344,1.44,29.81,29.533,0.468,,10.461,1.034,0.508,TRUE,0.15,TRUE,3,25,,,1.4,N,74.139,,,N
83,D11,FALSE,1d Condition A Rep 2,Target4,UNKNOWN,SYBR,None,0.703,0.344,1.44,29.796,29.533,0.468,,10.461,1.034,0.508,TRUE,0.15,TRUE,3,25,,,1.391,N,73.883,,,N
84,D12,FALSE,1d Condition A Rep 2,Target4,UNKNOWN,SYBR,None,0.703,0.344,1.44,28.992,29.533,0.468,,10.461,1.034,0.508,TRUE,0.15,TRUE,3,24,,,1.406,N,74.267,,,Y
85,D13,FALSE,1d Condition B Rep 1,Target4,UNKNOWN,SYBR,None,0.233,0.177,0.307,31.084,30.666,0.362,,12.056,0.397,2.103,TRUE,0.15,TRUE,3,26,,,1.407,N,74.139,,,N
86,D14,FALSE,1d Condition B Rep 1,Target4,UNKNOWN,SYBR,None,0.233,0.177,0.307,30.443,30.666,0.362,,12.056,0.397,2.103,TRUE,0.15,TRUE,3,25,,,1.402,N,74.139,,,N
87,D15,FALSE,1d Condition B Rep 1,Target4,UNKNOWN,SYBR,None,0.233,0.177,0.307,30.472,30.666,0.362,,12.056,0.397,2.103,TRUE,0.15,TRUE,3,26,,,1.391,N,73.883,,,N
88,D16,FALSE,1d Condition B Rep 2,Target4,UNKNOWN,SYBR,None,0.296,0.224,0.39,30.796,30.456,0.379,,11.71,0.401,1.758,TRUE,0.15,TRUE,3,26,,,1.392,N,73.883,,,N
89,D17,FALSE,1d Condition B Rep 2,Target4,UNKNOWN,SYBR,None,0.296,0.224,0.39,30.525,30.456,0.379,,11.71,0.401,1.758,TRUE,0.15,TRUE,3,25,,,1.396,N,73.883,,,N
90,D18,FALSE,1d Condition B Rep 2,Target4,UNKNOWN,SYBR,None,0.296,0.224,0.39,30.047,30.456,0.379,,11.71,0.401,1.758,TRUE,0.15,TRUE,3,25,,,1.417,N,74.652,,,N
91,D19,FALSE,2d Condition A Rep 1,Target4,UNKNOWN,SYBR,None,1.019,0.651,1.597,28.59,28.726,0.122,,9.925,0.647,-0.028,TRUE,0.15,TRUE,3,23,,,1.403,N,74.139,,,N
92,D20,FALSE,2d Condition A Rep 1,Target4,UNKNOWN,SYBR,None,1.019,0.651,1.597,28.764,28.726,0.122,,9.925,0.647,-0.028,TRUE,0.15,TRUE,3,24,,,1.4,N,74.011,,,N
93,D21,FALSE,2d Condition A Rep 1,Target4,UNKNOWN,SYBR,None,1.019,0.651,1.597,28.825,28.726,0.122,,9.925,0.647,-0.028,TRUE,0.15,TRUE,3,24,,,1.402,N,74.011,,,N
94,D22,FALSE,2d Condition A Rep 2,Target4,UNKNOWN,SYBR,None,0.716,0.569,0.901,29.193,28.999,0.193,,10.435,0.331,0.482,TRUE,0.15,TRUE,3,24,,,1.404,N,74.011,,,N
95,D23,FALSE,2d Condition A Rep 2,Target4,UNKNOWN,SYBR,None,0.716,0.569,0.901,28.997,28.999,0.193,,10.435,0.331,0.482,TRUE,0.15,TRUE,3,24,,,1.401,N,74.011,,,N
96,D24,FALSE,2d Condition A Rep 2,Target4,UNKNOWN,SYBR,None,0.716,0.569,0.901,28.806,28.999,0.193,,10.435,0.331,0.482,TRUE,0.15,TRUE,3,24,,,1.398,N,74.011,,,N
97,E1,FALSE,D0 Untreated Rep 1,Housekeeper,UNKNOWN,SYBR,None,,,,18.474,18.472,0.048,,,,,TRUE,0.35,TRUE,3,12,,,1.431,N,81.193,,,N
98,E2,FALSE,D0 Untreated Rep 1,Housekeeper,UNKNOWN,SYBR,None,,,,18.52,18.472,0.048,,,,,TRUE,0.35,TRUE,3,12,,,1.431,N,81.193,,,N
99,E3,FALSE,D0 Untreated Rep 1,Housekeeper,UNKNOWN,SYBR,None,,,,18.424,18.472,0.048,,,,,TRUE,0.35,TRUE,3,12,,,1.438,N,81.321,,,N
100,E4,FALSE,D0 Untreated Rep 2,Housekeeper,UNKNOWN,SYBR,None,,,,18.571,18.601,0.026,,,,,TRUE,0.35,TRUE,3,12,,,1.438,N,81.321,,,N
101,E5,FALSE,D0 Untreated Rep 2,Housekeeper,UNKNOWN,SYBR,None,,,,18.617,18.601,0.026,,,,,TRUE,0.35,TRUE,3,13,,,1.435,N,81.321,,,N
102,E6,FALSE,D0 Untreated Rep 2,Housekeeper,UNKNOWN,SYBR,None,,,,18.614,18.601,0.026,,,,,TRUE,0.35,TRUE,3,12,,,1.432,N,81.321,,,N
103,E7,FALSE,1d Condition A Rep 1,Housekeeper,UNKNOWN,SYBR,None,,,,18.936,18.936,0.047,,,,,TRUE,0.35,TRUE,3,13,,,1.429,N,81.449,,,N
104,E8,FALSE,1d Condition A Rep 1,Housekeeper,UNKNOWN,SYBR,None,,,,18.888,18.936,0.047,,,,,TRUE,0.35,TRUE,3,12,,,1.432,N,81.449,,,N
105,E9,FALSE,1d Condition A Rep 1,Housekeeper,UNKNOWN,SYBR,None,,,,18.983,18.936,0.047,,,,,TRUE,0.35,TRUE,3,13,,,1.426,N,81.321,,,N
106,E10,FALSE,1d Condition A Rep 2,Housekeeper,UNKNOWN,SYBR,None,,,,20.023,19.072,0.922,,,,,TRUE,0.35,TRUE,3,14,,,1.396,Y,80.68,,,N
107,E11,FALSE,1d Condition A Rep 2,Housekeeper,UNKNOWN,SYBR,None,,,,18.182,19.072,0.922,,,,,TRUE,0.35,TRUE,3,12,,,1.46,Y,82.09,,,N
108,E12,FALSE,1d Condition A Rep 2,Housekeeper,UNKNOWN,SYBR,None,,,,19.011,19.072,0.922,,,,,TRUE,0.35,TRUE,3,13,,,1.427,Y,81.449,,,N
109,E13,FALSE,1d Condition B Rep 1,Housekeeper,UNKNOWN,SYBR,None,,,,18.443,18.61,0.164,,,,,TRUE,0.35,TRUE,3,12,,,1.439,N,81.706,,,N
110,E14,FALSE,1d Condition B Rep 1,Housekeeper,UNKNOWN,SYBR,None,,,,18.616,18.61,0.164,,,,,TRUE,0.35,TRUE,3,12,,,1.432,N,81.449,,,N
111,E15,FALSE,1d Condition B Rep 1,Housekeeper,UNKNOWN,SYBR,None,,,,18.771,18.61,0.164,,,,,TRUE,0.35,TRUE,3,12,,,1.426,N,81.321,,,N
112,E16,FALSE,1d Condition B Rep 2,Housekeeper,UNKNOWN,SYBR,None,,,,18.631,18.746,0.129,,,,,TRUE,0.35,TRUE,3,12,,,1.435,N,81.577,,,N
113,E17,FALSE,1d Condition B Rep 2,Housekeeper,UNKNOWN,SYBR,None,,,,18.721,18.746,0.129,,,,,TRUE,0.35,TRUE,3,12,,,1.43,N,81.449,,,N
114,E18,FALSE,1d Condition B Rep 2,Housekeeper,UNKNOWN,SYBR,None,,,,18.886,18.746,0.129,,,,,TRUE,0.35,TRUE,3,13,,,1.428,N,81.449,,,N
115,E19,FALSE,2d Condition A Rep 1,Housekeeper,UNKNOWN,SYBR,None,,,,18.732,18.801,0.636,,,,,TRUE,0.35,TRUE,3,12,,,1.432,Y,81.449,,,N
116,E20,FALSE,2d Condition A Rep 1,Housekeeper,UNKNOWN,SYBR,None,,,,19.468,18.801,0.636,,,,,TRUE,0.35,TRUE,3,13,,,1.405,Y,80.808,,,N
117,E21,FALSE,2d Condition A Rep 1,Housekeeper,UNKNOWN,SYBR,None,,,,18.202,18.801,0.636,,,,,TRUE,0.35,TRUE,3,12,,,1.455,Y,81.834,,,N
118,E22,FALSE,2d Condition A Rep 2,Housekeeper,UNKNOWN,SYBR,None,,,,18.57,18.564,0.269,,,,,TRUE,0.35,TRUE,3,12,,,1.431,N,81.321,,,N
119,E23,FALSE,2d Condition A Rep 2,Housekeeper,UNKNOWN,SYBR,None,,,,18.83,18.564,0.269,,,,,TRUE,0.35,TRUE,3,12,,,1.415,N,81.193,,,N
120,E24,FALSE,2d Condition A Rep 2,Housekeeper,UNKNOWN,SYBR,None,,,,18.292,18.564,0.269,,,,,TRUE,0.35,TRUE,3,12,,,1.428,N,81.577,,,N
121,F1,FALSE,2d Condition B Rep 1,Target1,UNKNOWN,SYBR,None,12.182,11.345,13.082,25.547,25.495,0.058,,6.989,0.103,-3.607,TRUE,0.093,TRUE,3,21,,,1.215,N,73.754,,,N
122,F2,FALSE,2d Condition B Rep 1,Target1,UNKNOWN,SYBR,None,12.182,11.345,13.082,25.432,25.495,0.058,,6.989,0.103,-3.607,TRUE,0.093,TRUE,3,21,,,1.222,N,73.883,,,N
123,F3,FALSE,2d Condition B Rep 1,Target1,UNKNOWN,SYBR,None,12.182,11.345,13.082,25.506,25.495,0.058,,6.989,0.103,-3.607,TRUE,0.093,TRUE,3,21,,,1.221,N,73.883,,,N
124,F4,FALSE,2d Condition B Rep 2,Target1,UNKNOWN,SYBR,None,9.409,8.322,10.639,25.671,25.762,0.175,,7.361,0.177,-3.234,TRUE,0.093,TRUE,3,21,,,1.219,N,74.011,,,N
125,F5,FALSE,2d Condition B Rep 2,Target1,UNKNOWN,SYBR,None,9.409,8.322,10.639,25.652,25.762,0.175,,7.361,0.177,-3.234,TRUE,0.093,TRUE,3,21,,,1.219,N,74.011,,,N
126,F6,FALSE,2d Condition B Rep 2,Target1,UNKNOWN,SYBR,None,9.409,8.322,10.639,25.964,25.762,0.175,,7.361,0.177,-3.234,TRUE,0.093,TRUE,3,22,,,1.225,N,73.883,,,N
127,F7,FALSE,3d Condition A Rep 1,Target1,UNKNOWN,SYBR,None,14.693,10.177,21.211,24.669,24.845,0.169,,6.718,0.53,-3.877,TRUE,0.093,TRUE,3,20,,,1.227,N,74.267,,,N
128,F8,FALSE,3d Condition A Rep 1,Target1,UNKNOWN,SYBR,None,14.693,10.177,21.211,24.861,24.845,0.169,,6.718,0.53,-3.877,TRUE,0.093,TRUE,3,20,,,1.232,N,74.139,,,N
129,F9,FALSE,3d Condition A Rep 1,Target1,UNKNOWN,SYBR,None,14.693,10.177,21.211,25.006,24.845,0.169,,6.718,0.53,-3.877,TRUE,0.093,TRUE,3,21,,,1.222,N,74.139,,,N
130,F10,FALSE,3d Condition A Rep 2,Target1,UNKNOWN,SYBR,None,13.31,9.667,18.327,25.837,25.354,0.444,,6.861,0.461,-3.734,TRUE,0.093,TRUE,3,21,,,1.22,N,73.754,,,N
131,F11,FALSE,3d Condition A Rep 2,Target1,UNKNOWN,SYBR,None,13.31,9.667,18.327,24.962,25.354,0.444,,6.861,0.461,-3.734,TRUE,0.093,TRUE,3,20,,,1.24,N,74.524,,,N
132,F12,FALSE,3d Condition A Rep 2,Target1,UNKNOWN,SYBR,None,13.31,9.667,18.327,25.263,25.354,0.444,,6.861,0.461,-3.734,TRUE,0.093,TRUE,3,21,,,1.227,N,74.267,,,N
133,F13,FALSE,3d Condition B Rep 1,Target1,UNKNOWN,SYBR,None,13.704,9.406,19.967,25.491,25.413,0.112,,6.819,0.543,-3.777,TRUE,0.093,TRUE,3,21,,,1.216,N,74.139,,,N
134,F14,FALSE,3d Condition B Rep 1,Target1,UNKNOWN,SYBR,None,13.704,9.406,19.967,25.464,25.413,0.112,,6.819,0.543,-3.777,TRUE,0.093,TRUE,3,21,,,1.217,N,74.139,,,N
135,F15,FALSE,3d Condition B Rep 1,Target1,UNKNOWN,SYBR,None,13.704,9.406,19.967,25.285,25.413,0.112,,6.819,0.543,-3.777,TRUE,0.093,TRUE,3,21,,,1.227,N,74.267,,,N
136,F16,FALSE,3d Condition B Rep 2,Target1,UNKNOWN,SYBR,None,15.317,8.762,26.778,24.771,24.903,0.197,,6.658,0.806,-3.937,TRUE,0.093,TRUE,3,20,,,1.22,N,74.267,,,N
137,F17,FALSE,3d Condition B Rep 2,Target1,UNKNOWN,SYBR,None,15.317,8.762,26.778,24.808,24.903,0.197,,6.658,0.806,-3.937,TRUE,0.093,TRUE,3,20,,,1.214,N,74.139,,,N
138,F18,FALSE,3d Condition B Rep 2,Target1,UNKNOWN,SYBR,None,15.317,8.762,26.778,25.13,24.903,0.197,,6.658,0.806,-3.937,TRUE,0.093,TRUE,3,20,,,1.233,N,74.139,,,N
139,F19,FALSE,5d Condition A Rep 1,Target1,UNKNOWN,SYBR,None,36.373,25.047,52.82,23.837,23.969,0.121,,5.411,0.538,-5.185,TRUE,0.093,TRUE,3,19,,,1.237,N,74.267,,,N
140,F20,FALSE,5d Condition A Rep 1,Target1,UNKNOWN,SYBR,None,36.373,25.047,52.82,24.074,23.969,0.121,,5.411,0.538,-5.185,TRUE,0.093,TRUE,3,20,,,1.228,N,74.011,,,N
141,F21,FALSE,5d Condition A Rep 1,Target1,UNKNOWN,SYBR,None,36.373,25.047,52.82,23.994,23.969,0.121,,5.411,0.538,-5.185,TRUE,0.093,TRUE,3,19,,,1.231,N,74.139,,,N
142,F22,FALSE,5d Condition A Rep 2,Target1,UNKNOWN,SYBR,None,43.964,33.311,58.024,24.048,24.087,0.033,,5.137,0.4,-5.458,TRUE,0.093,TRUE,3,20,,,1.235,N,74.139,,,N
143,F23,FALSE,5d Condition A Rep 2,Target1,UNKNOWN,SYBR,None,43.964,33.311,58.024,24.104,24.087,0.033,,5.137,0.4,-5.458,TRUE,0.093,TRUE,3,20,,,1.224,N,74.011,,,N
144,F24,FALSE,5d Condition A Rep 2,Target1,UNKNOWN,SYBR,None,43.964,33.311,58.024,24.108,24.087,0.033,,5.137,0.4,-5.458,TRUE,0.093,TRUE,3,20,,,1.224,N,74.011,,,N
145,G1,FALSE,2d Condition B Rep 1,Target2,UNKNOWN,SYBR,None,8.259,4.809,14.185,34.907,34.037,0.776,,15.531,0.78,-3.046,TRUE,0.111,TRUE,3,30,,,1.246,Y,69.651,,,N
146,G2,FALSE,2d Condition B Rep 1,Target2,UNKNOWN,SYBR,None,8.259,4.809,14.185,33.787,34.037,0.776,,15.531,0.78,-3.046,TRUE,0.111,TRUE,3,29,,,1.301,Y,69.779,,,N
147,G3,FALSE,2d Condition B Rep 1,Target2,UNKNOWN,SYBR,None,8.259,4.809,14.185,33.417,34.037,0.776,,15.531,0.78,-3.046,TRUE,0.111,TRUE,3,28,,,1.315,Y,69.907,,,N
148,G4,FALSE,2d Condition B Rep 2,Target2,UNKNOWN,SYBR,None,12.325,4.849,31.322,34.556,33.354,1.345,,14.953,1.346,-3.623,TRUE,0.111,TRUE,3,30,,,1.252,Y,69.651,,,N
149,G5,FALSE,2d Condition B Rep 2,Target2,UNKNOWN,SYBR,None,12.325,4.849,31.322,31.9,33.354,1.345,,14.953,1.346,-3.623,TRUE,0.111,TRUE,3,27,,,1.366,Y,70.42,,,N
150,G6,FALSE,2d Condition B Rep 2,Target2,UNKNOWN,SYBR,None,12.325,4.849,31.322,33.607,33.354,1.345,,14.953,1.346,-3.623,TRUE,0.111,TRUE,3,28,,,1.313,Y,70.035,,,N
151,G7,FALSE,3d Condition A Rep 1,Target2,UNKNOWN,SYBR,None,51.972,28.642,94.307,30.872,31.004,0.698,,12.877,0.86,-5.7,TRUE,0.111,TRUE,3,26,,,1.344,Y,69.907,,,N
152,G8,FALSE,3d Condition A Rep 1,Target2,UNKNOWN,SYBR,None,51.972,28.642,94.307,30.381,31.004,0.698,,12.877,0.86,-5.7,TRUE,0.111,TRUE,3,25,,,1.338,Y,70.035,,,N
153,G9,FALSE,3d Condition A Rep 1,Target2,UNKNOWN,SYBR,None,51.972,28.642,94.307,31.758,31.004,0.698,,12.877,0.86,-5.7,TRUE,0.111,TRUE,3,27,,,1.332,Y,69.779,,,N
154,G10,FALSE,3d Condition A Rep 2,Target2,UNKNOWN,SYBR,None,64.223,55.688,74.066,31.053,31.065,0.164,,12.572,0.206,-6.005,TRUE,0.111,TRUE,3,26,,,1.343,N,70.035,,,N
155,G11,FALSE,3d Condition A Rep 2,Target2,UNKNOWN,SYBR,None,64.223,55.688,74.066,30.907,31.065,0.164,,12.572,0.206,-6.005,TRUE,0.111,TRUE,3,26,,,1.344,N,70.035,,,N
156,G12,FALSE,3d Condition A Rep 2,Target2,UNKNOWN,SYBR,None,64.223,55.688,74.066,31.234,31.065,0.164,,12.572,0.206,-6.005,TRUE,0.111,TRUE,3,26,,,1.352,N,70.035,,,N
157,G13,FALSE,3d Condition B Rep 1,Target2,UNKNOWN,SYBR,None,3.977,0.802,19.711,35.997,35.18,2.247,,16.585,2.309,-1.992,TRUE,0.111,TRUE,3,31,,,1.142,Y,70.035,,,N
158,G14,FALSE,3d Condition B Rep 1,Target2,UNKNOWN,SYBR,None,3.977,0.802,19.711,36.903,35.18,2.247,,16.585,2.309,-1.992,TRUE,0.111,TRUE,3,32,,,1.071,Y,69.779,,,N
159,G15,FALSE,3d Condition B Rep 1,Target2,UNKNOWN,SYBR,None,3.977,0.802,19.711,32.638,35.18,2.247,,16.585,2.309,-1.992,TRUE,0.111,TRUE,3,28,,,1.354,Y,70.548,,,N
160,G16,FALSE,3d Condition B Rep 2,Target2,UNKNOWN,SYBR,None,6.935,4.014,11.98,33.919,34.027,0.108,,15.783,0.789,-2.794,TRUE,0.111,TRUE,3,29,,,1.301,N,70.035,,,N
161,G17,FALSE,3d Condition B Rep 2,Target2,UNKNOWN,SYBR,None,6.935,4.014,11.98,34.028,34.027,0.108,,15.783,0.789,-2.794,TRUE,0.111,TRUE,3,29,,,1.294,N,70.163,,,N
162,G18,FALSE,3d Condition B Rep 2,Target2,UNKNOWN,SYBR,None,6.935,4.014,11.98,34.135,34.027,0.108,,15.783,0.789,-2.794,TRUE,0.111,TRUE,3,29,,,1.282,N,70.163,,,N
163,G19,FALSE,5d Condition A Rep 1,Target2,UNKNOWN,SYBR,None,77.056,53.324,111.349,30.89,30.867,0.084,,12.309,0.531,-6.268,TRUE,0.111,TRUE,3,26,,,1.347,N,70.035,,,N
164,G20,FALSE,5d Condition A Rep 1,Target2,UNKNOWN,SYBR,None,77.056,53.324,111.349,30.774,30.867,0.084,,12.309,0.531,-6.268,TRUE,0.111,TRUE,3,26,,,1.349,N,70.035,,,N
165,G21,FALSE,5d Condition A Rep 1,Target2,UNKNOWN,SYBR,None,77.056,53.324,111.349,30.937,30.867,0.084,,12.309,0.531,-6.268,TRUE,0.111,TRUE,3,26,,,1.345,N,69.907,,,N
166,G22,FALSE,5d Condition A Rep 2,Target2,UNKNOWN,SYBR,None,108.765,81.086,145.893,30.709,30.761,0.143,,11.812,0.424,-6.765,TRUE,0.111,TRUE,3,26,,,1.353,N,70.035,,,N
167,G23,FALSE,5d Condition A Rep 2,Target2,UNKNOWN,SYBR,None,108.765,81.086,145.893,30.922,30.761,0.143,,11.812,0.424,-6.765,TRUE,0.111,TRUE,3,26,,,1.338,N,69.907,,,N
168,G24,FALSE,5d Condition A Rep 2,Target2,UNKNOWN,SYBR,None,108.765,81.086,145.893,30.652,30.761,0.143,,11.812,0.424,-6.765,TRUE,0.111,TRUE,3,26,,,1.351,N,69.907,,,N
169,H1,FALSE,2d Condition B Rep 1,Target3,UNKNOWN,SYBR,None,2.049,1.7,2.469,30.1,29.833,0.255,,11.327,0.269,-1.035,TRUE,0.249,TRUE,3,24,,,1.383,N,79.141,,,N
170,H2,FALSE,2d Condition B Rep 1,Target3,UNKNOWN,SYBR,None,2.049,1.7,2.469,29.809,29.833,0.255,,11.327,0.269,-1.035,TRUE,0.249,TRUE,3,24,,,1.4,N,79.397,,,N
171,H3,FALSE,2d Condition B Rep 1,Target3,UNKNOWN,SYBR,None,2.049,1.7,2.469,29.591,29.833,0.255,,11.327,0.269,-1.035,TRUE,0.249,TRUE,3,24,,,1.406,N,79.397,,,N
172,H4,FALSE,2d Condition B Rep 2,Target3,UNKNOWN,SYBR,None,1.778,1.578,2.003,30.129,29.933,0.17,,11.532,0.172,-0.83,TRUE,0.249,TRUE,3,24,,,1.387,N,79.269,,,N
173,H5,FALSE,2d Condition B Rep 2,Target3,UNKNOWN,SYBR,None,1.778,1.578,2.003,29.832,29.933,0.17,,11.532,0.172,-0.83,TRUE,0.249,TRUE,3,24,,,1.405,N,79.654,,,N
174,H6,FALSE,2d Condition B Rep 2,Target3,UNKNOWN,SYBR,None,1.778,1.578,2.003,29.838,29.933,0.17,,11.532,0.172,-0.83,TRUE,0.249,TRUE,3,24,,,1.403,N,79.525,,,N
175,H7,FALSE,3d Condition A Rep 1,Target3,UNKNOWN,SYBR,None,1.78,1.245,2.546,29.742,29.657,0.12,,11.53,0.516,-0.832,TRUE,0.249,TRUE,3,24,,,1.406,N,79.654,,,N
176,H8,FALSE,3d Condition A Rep 1,Target3,UNKNOWN,SYBR,None,1.78,1.245,2.546,29.52,29.657,0.12,,11.53,0.516,-0.832,TRUE,0.249,TRUE,3,24,,,1.407,N,79.525,,,N
177,H9,FALSE,3d Condition A Rep 1,Target3,UNKNOWN,SYBR,None,1.78,1.245,2.546,29.708,29.657,0.12,,11.53,0.516,-0.832,TRUE,0.249,TRUE,3,24,,,1.399,N,79.525,,,N
178,H10,FALSE,3d Condition A Rep 2,Target3,UNKNOWN,SYBR,None,1.886,1.679,2.118,29.81,29.94,0.113,,11.447,0.168,-0.915,TRUE,0.249,TRUE,3,24,,,1.39,N,79.525,,,N
179,H11,FALSE,3d Condition A Rep 2,Target3,UNKNOWN,SYBR,None,1.886,1.679,2.118,29.997,29.94,0.113,,11.447,0.168,-0.915,TRUE,0.249,TRUE,3,24,,,1.389,N,79.525,,,N
180,H12,FALSE,3d Condition A Rep 2,Target3,UNKNOWN,SYBR,None,1.886,1.679,2.118,30.013,29.94,0.113,,11.447,0.168,-0.915,TRUE,0.249,TRUE,3,24,,,1.396,N,79.525,,,N
181,H13,FALSE,3d Condition B Rep 1,Target3,UNKNOWN,SYBR,None,1.177,0.717,1.935,31.25,30.721,0.481,,12.126,0.717,-0.236,TRUE,0.249,TRUE,3,25,,,1.355,N,78.884,,,N
182,H14,FALSE,3d Condition B Rep 1,Target3,UNKNOWN,SYBR,None,1.177,0.717,1.935,30.31,30.721,0.481,,12.126,0.717,-0.236,TRUE,0.249,TRUE,3,25,,,1.408,N,80.038,,,N
183,H15,FALSE,3d Condition B Rep 1,Target3,UNKNOWN,SYBR,None,1.177,0.717,1.935,30.603,30.721,0.481,,12.126,0.717,-0.236,TRUE,0.249,TRUE,3,25,,,1.397,N,79.525,,,N
184,H16,FALSE,3d Condition B Rep 2,Target3,UNKNOWN,SYBR,None,1.345,0.777,2.328,30.281,30.179,0.13,,11.935,0.792,-0.427,TRUE,0.249,TRUE,3,24,,,1.401,N,79.525,,,N
185,H17,FALSE,3d Condition B Rep 2,Target3,UNKNOWN,SYBR,None,1.345,0.777,2.328,30.224,30.179,0.13,,11.935,0.792,-0.427,TRUE,0.249,TRUE,3,24,,,1.4,N,79.525,,,N
186,H18,FALSE,3d Condition B Rep 2,Target3,UNKNOWN,SYBR,None,1.345,0.777,2.328,30.034,30.179,0.13,,11.935,0.792,-0.427,TRUE,0.249,TRUE,3,24,,,1.389,N,79.525,,,N
187,H19,FALSE,5d Condition A Rep 1,Target3,UNKNOWN,SYBR,None,5.195,3.371,8.005,28.594,28.543,0.338,,9.985,0.624,-2.377,TRUE,0.249,TRUE,3,23,,,1.403,N,79.525,,,N
188,H20,FALSE,5d Condition A Rep 1,Target3,UNKNOWN,SYBR,None,5.195,3.371,8.005,28.852,28.543,0.338,,9.985,0.624,-2.377,TRUE,0.249,TRUE,3,23,,,1.376,N,79.012,,,N
189,H21,FALSE,5d Condition A Rep 1,Target3,UNKNOWN,SYBR,None,5.195,3.371,8.005,28.183,28.543,0.338,,9.985,0.624,-2.377,TRUE,0.249,TRUE,3,23,,,1.403,N,80.038,,,N
190,H22,FALSE,5d Condition A Rep 2,Target3,UNKNOWN,SYBR,None,8.321,6.279,11.028,28.271,28.255,0.077,,9.305,0.406,-3.057,TRUE,0.249,TRUE,3,22,,,1.407,N,79.525,,,N
191,H23,FALSE,5d Condition A Rep 2,Target3,UNKNOWN,SYBR,None,8.321,6.279,11.028,28.171,28.255,0.077,,9.305,0.406,-3.057,TRUE,0.249,TRUE,3,22,,,1.405,N,79.525,,,N
192,H24,FALSE,5d Condition A Rep 2,Target3,UNKNOWN,SYBR,None,8.321,6.279,11.028,28.322,28.255,0.077,,9.305,0.406,-3.057,TRUE,0.249,TRUE,3,23,,,1.402,N,79.397,,,N
193,I1,FALSE,2d Condition B Rep 1,Target4,UNKNOWN,SYBR,None,0.233,0.194,0.28,30.8,30.558,0.251,,12.052,0.265,2.099,TRUE,0.15,TRUE,3,26,,,1.394,N,73.883,,,N
194,I2,FALSE,2d Condition B Rep 1,Target4,UNKNOWN,SYBR,None,0.233,0.194,0.28,30.3,30.558,0.251,,12.052,0.265,2.099,TRUE,0.15,TRUE,3,25,,,1.402,N,73.883,,,N
195,I3,FALSE,2d Condition B Rep 1,Target4,UNKNOWN,SYBR,None,0.233,0.194,0.28,30.574,30.558,0.251,,12.052,0.265,2.099,TRUE,0.15,TRUE,3,26,,,1.407,N,74.139,,,N
196,I4,FALSE,2d Condition B Rep 2,Target4,UNKNOWN,SYBR,None,0.173,0.127,0.235,31.103,30.888,0.444,,12.487,0.445,2.534,TRUE,0.15,TRUE,3,26,,,1.406,N,74.011,,,N
197,I5,FALSE,2d Condition B Rep 2,Target4,UNKNOWN,SYBR,None,0.173,0.127,0.235,31.184,30.888,0.444,,12.487,0.445,2.534,TRUE,0.15,TRUE,3,26,,,1.396,N,74.139,,,N
198,I6,FALSE,2d Condition B Rep 2,Target4,UNKNOWN,SYBR,None,0.173,0.127,0.235,30.377,30.888,0.444,,12.487,0.445,2.534,TRUE,0.15,TRUE,3,25,,,1.411,N,74.267,,,N
199,I7,FALSE,3d Condition A Rep 1,Target4,UNKNOWN,SYBR,None,3.238,2.178,4.815,26.396,26.384,0.274,,8.258,0.572,-1.695,TRUE,0.15,TRUE,3,21,,,1.416,N,74.267,,,N
200,I8,FALSE,3d Condition A Rep 1,Target4,UNKNOWN,SYBR,None,3.238,2.178,4.815,26.105,26.384,0.274,,8.258,0.572,-1.695,TRUE,0.15,TRUE,3,21,,,1.415,N,74.267,,,N
201,I9,FALSE,3d Condition A Rep 1,Target4,UNKNOWN,SYBR,None,3.238,2.178,4.815,26.653,26.384,0.274,,8.258,0.572,-1.695,TRUE,0.15,TRUE,3,22,,,1.387,N,74.267,,,N
202,I10,FALSE,3d Condition A Rep 2,Target4,UNKNOWN,SYBR,None,4.192,3.807,4.616,26.392,26.378,0.063,,7.885,0.139,-2.068,TRUE,0.15,TRUE,3,21,,,1.414,N,74.396,,,N
203,I11,FALSE,3d Condition A Rep 2,Target4,UNKNOWN,SYBR,None,4.192,3.807,4.616,26.433,26.378,0.063,,7.885,0.139,-2.068,TRUE,0.15,TRUE,3,21,,,1.413,N,74.139,,,N
204,I12,FALSE,3d Condition A Rep 2,Target4,UNKNOWN,SYBR,None,4.192,3.807,4.616,26.31,26.378,0.063,,7.885,0.139,-2.068,TRUE,0.15,TRUE,3,21,,,1.417,N,74.267,,,N
205,I13,FALSE,3d Condition B Rep 1,Target4,UNKNOWN,SYBR,None,0.241,0.155,0.375,30.2,30.6,0.35,,12.006,0.636,2.053,TRUE,0.15,TRUE,3,25,,,1.41,N,74.267,,,N
206,I14,FALSE,3d Condition B Rep 1,Target4,UNKNOWN,SYBR,None,0.241,0.155,0.375,30.75,30.6,0.35,,12.006,0.636,2.053,TRUE,0.15,TRUE,3,26,,,1.392,N,73.883,,,N
207,I15,FALSE,3d Condition B Rep 1,Target4,UNKNOWN,SYBR,None,0.241,0.155,0.375,30.851,30.6,0.35,,12.006,0.636,2.053,TRUE,0.15,TRUE,3,26,,,1.419,N,74.524,,,N
208,I16,FALSE,3d Condition B Rep 2,Target4,UNKNOWN,SYBR,None,0.281,0.158,0.498,29.94,30.03,0.27,,11.785,0.827,1.832,TRUE,0.15,TRUE,3,25,,,1.403,N,74.267,,,N
209,I17,FALSE,3d Condition B Rep 2,Target4,UNKNOWN,SYBR,None,0.281,0.158,0.498,29.815,30.03,0.27,,11.785,0.827,1.832,TRUE,0.15,TRUE,3,25,,,1.407,N,74.267,,,N
210,I18,FALSE,3d Condition B Rep 2,Target4,UNKNOWN,SYBR,None,0.281,0.158,0.498,30.333,30.03,0.27,,11.785,0.827,1.832,TRUE,0.15,TRUE,3,25,,,1.4,N,74.267,,,N
211,I19,FALSE,5d Condition A Rep 1,Target4,UNKNOWN,SYBR,None,6.948,4.818,10.02,25.738,25.714,0.063,,7.156,0.528,-2.797,TRUE,0.15,TRUE,3,21,,,1.41,N,74.267,,,N
212,I20,FALSE,5d Condition A Rep 1,Target4,UNKNOWN,SYBR,None,6.948,4.818,10.02,25.762,25.714,0.063,,7.156,0.528,-2.797,TRUE,0.15,TRUE,3,21,,,1.414,N,74.267,,,N
213,I21,FALSE,5d Condition A Rep 1,Target4,UNKNOWN,SYBR,None,6.948,4.818,10.02,25.643,25.714,0.063,,7.156,0.528,-2.797,TRUE,0.15,TRUE,3,21,,,1.413,N,74.267,,,N
214,I22,FALSE,5d Condition A Rep 2,Target4,UNKNOWN,SYBR,None,7.612,5.77,10.042,25.965,25.974,0.024,,7.025,0.4,-2.928,TRUE,0.15,TRUE,3,21,,,1.411,N,74.139,,,N
215,I23,FALSE,5d Condition A Rep 2,Target4,UNKNOWN,SYBR,None,7.612,5.77,10.042,25.956,25.974,0.024,,7.025,0.4,-2.928,TRUE,0.15,TRUE,3,21,,,1.401,N,74.139,,,N
216,I24,FALSE,5d Condition A Rep 2,Target4,UNKNOWN,SYBR,None,7.612,5.77,10.042,26.002,25.974,0.024,,7.025,0.4,-2.928,TRUE,0.15,TRUE,3,21,,,1.4,N,74.139,,,N
217,J1,FALSE,2d Condition B Rep 1,Housekeeper,UNKNOWN,SYBR,None,,,,18.591,18.506,0.085,,,,,TRUE,0.35,TRUE,3,12,,,1.424,N,81.321,,,N
218,J2,FALSE,2d Condition B Rep 1,Housekeeper,UNKNOWN,SYBR,None,,,,18.422,18.506,0.085,,,,,TRUE,0.35,TRUE,3,12,,,1.436,N,81.449,,,N
219,J3,FALSE,2d Condition B Rep 1,Housekeeper,UNKNOWN,SYBR,None,,,,18.506,18.506,0.085,,,,,TRUE,0.35,TRUE,3,12,,,1.432,N,81.449,,,N
220,J4,FALSE,2d Condition B Rep 2,Housekeeper,UNKNOWN,SYBR,None,,,,18.377,18.401,0.026,,,,,TRUE,0.35,TRUE,3,12,,,1.434,N,81.449,,,N
221,J5,FALSE,2d Condition B Rep 2,Housekeeper,UNKNOWN,SYBR,None,,,,18.429,18.401,0.026,,,,,TRUE,0.35,TRUE,3,12,,,1.433,N,81.449,,,N
222,J6,FALSE,2d Condition B Rep 2,Housekeeper,UNKNOWN,SYBR,None,,,,18.397,18.401,0.026,,,,,TRUE,0.35,TRUE,3,12,,,1.435,N,81.449,,,N
223,J7,FALSE,3d Condition A Rep 1,Housekeeper,UNKNOWN,SYBR,None,,,,18.643,18.127,0.502,,,,,TRUE,0.35,TRUE,3,13,,,1.414,Y,81.193,,,N
224,J8,FALSE,3d Condition A Rep 1,Housekeeper,UNKNOWN,SYBR,None,,,,17.64,18.127,0.502,,,,,TRUE,0.35,TRUE,3,11,,,1.447,Y,81.962,,,N
225,J9,FALSE,3d Condition A Rep 1,Housekeeper,UNKNOWN,SYBR,None,,,,18.097,18.127,0.502,,,,,TRUE,0.35,TRUE,3,12,,,1.423,Y,81.577,,,N
226,J10,FALSE,3d Condition A Rep 2,Housekeeper,UNKNOWN,SYBR,None,,,,18.571,18.493,0.124,,,,,TRUE,0.35,TRUE,3,12,,,1.43,N,81.577,,,N
227,J11,FALSE,3d Condition A Rep 2,Housekeeper,UNKNOWN,SYBR,None,,,,18.35,18.493,0.124,,,,,TRUE,0.35,TRUE,3,12,,,1.438,N,81.706,,,N
228,J12,FALSE,3d Condition A Rep 2,Housekeeper,UNKNOWN,SYBR,None,,,,18.558,18.493,0.124,,,,,TRUE,0.35,TRUE,3,12,,,1.432,N,81.577,,,N
229,J13,FALSE,3d Condition B Rep 1,Housekeeper,UNKNOWN,SYBR,None,,,,18.536,18.595,0.531,,,,,TRUE,0.35,TRUE,3,12,,,1.433,Y,81.577,,,N
230,J14,FALSE,3d Condition B Rep 1,Housekeeper,UNKNOWN,SYBR,None,,,,19.153,18.595,0.531,,,,,TRUE,0.35,TRUE,3,13,,,1.403,Y,81.193,,,N
231,J15,FALSE,3d Condition B Rep 1,Housekeeper,UNKNOWN,SYBR,None,,,,18.095,18.595,0.531,,,,,TRUE,0.35,TRUE,3,12,,,1.439,Y,81.962,,,N
232,J16,FALSE,3d Condition B Rep 2,Housekeeper,UNKNOWN,SYBR,None,,,,18.004,18.245,0.781,,,,,TRUE,0.35,TRUE,3,12,,,1.43,Y,81.577,,,N
233,J17,FALSE,3d Condition B Rep 2,Housekeeper,UNKNOWN,SYBR,None,,,,19.118,18.245,0.781,,,,,TRUE,0.35,TRUE,3,13,,,1.394,Y,80.808,,,N
234,J18,FALSE,3d Condition B Rep 2,Housekeeper,UNKNOWN,SYBR,None,,,,17.612,18.245,0.781,,,,,TRUE,0.35,TRUE,3,11,,,1.448,Y,82.09,,,N
235,J19,FALSE,5d Condition A Rep 1,Housekeeper,UNKNOWN,SYBR,None,,,,18.585,18.558,0.525,,,,,TRUE,0.35,TRUE,3,12,,,1.432,Y,81.577,,,N
236,J20,FALSE,5d Condition A Rep 1,Housekeeper,UNKNOWN,SYBR,None,,,,19.069,18.558,0.525,,,,,TRUE,0.35,TRUE,3,13,,,1.41,Y,81.064,,,N
237,J21,FALSE,5d Condition A Rep 1,Housekeeper,UNKNOWN,SYBR,None,,,,18.021,18.558,0.525,,,,,TRUE,0.35,TRUE,3,12,,,1.446,Y,81.962,,,N
238,J22,FALSE,5d Condition A Rep 2,Housekeeper,UNKNOWN,SYBR,None,,,,18.756,18.95,0.399,,,,,TRUE,0.35,TRUE,3,12,,,1.427,N,81.321,,,N
239,J23,FALSE,5d Condition A Rep 2,Housekeeper,UNKNOWN,SYBR,None,,,,18.684,18.95,0.399,,,,,TRUE,0.35,TRUE,3,12,,,1.428,N,81.449,,,N
240,J24,FALSE,5d Condition A Rep 2,Housekeeper,UNKNOWN,SYBR,None,,,,19.408,18.95,0.399,,,,,TRUE,0.35,TRUE,3,13,,,1.388,N,80.936,,,N
241,K1,FALSE,5d Condition B Rep 1,Target1,UNKNOWN,SYBR,None,27.56,24.406,31.121,23.642,23.728,0.076,,5.811,0.175,-4.784,TRUE,0.093,TRUE,3,19,,,1.224,N,74.139,,,N
242,K2,FALSE,5d Condition B Rep 1,Target1,UNKNOWN,SYBR,None,27.56,24.406,31.121,23.756,23.728,0.076,,5.811,0.175,-4.784,TRUE,0.093,TRUE,3,19,,,1.219,N,74.011,,,N
243,K3,FALSE,5d Condition B Rep 1,Target1,UNKNOWN,SYBR,None,27.56,24.406,31.121,23.786,23.728,0.076,,5.811,0.175,-4.784,TRUE,0.093,TRUE,3,19,,,1.225,N,74.139,,,N
244,K4,FALSE,5d Condition B Rep 2,Target1,UNKNOWN,SYBR,None,27.829,25.536,30.329,24.341,24.468,0.111,,5.797,0.124,-4.799,TRUE,0.093,TRUE,3,20,,,1.235,N,74.267,,,N
245,K5,FALSE,5d Condition B Rep 2,Target1,UNKNOWN,SYBR,None,27.829,25.536,30.329,24.515,24.468,0.111,,5.797,0.124,-4.799,TRUE,0.093,TRUE,3,20,,,1.228,N,74.139,,,N
246,K6,FALSE,5d Condition B Rep 2,Target1,UNKNOWN,SYBR,None,27.829,25.536,30.329,24.549,24.468,0.111,,5.797,0.124,-4.799,TRUE,0.093,TRUE,3,20,,,1.226,N,74.139,,,N
247,K7,FALSE,7d Condition A Rep 1,Target1,UNKNOWN,SYBR,None,20.71,15.988,26.826,24.153,24.456,0.366,,6.223,0.373,-4.372,TRUE,0.093,TRUE,3,20,,,1.234,N,74.267,,,N
248,K8,FALSE,7d Condition A Rep 1,Target1,UNKNOWN,SYBR,None,20.71,15.988,26.826,24.353,24.456,0.366,,6.223,0.373,-4.372,TRUE,0.093,TRUE,3,20,,,1.227,N,74.139,,,N
249,K9,FALSE,7d Condition A Rep 1,Target1,UNKNOWN,SYBR,None,20.71,15.988,26.826,24.864,24.456,0.366,,6.223,0.373,-4.372,TRUE,0.093,TRUE,3,21,,,1.227,N,74.139,,,N
250,K10,FALSE,7d Condition A Rep 2,Target1,UNKNOWN,SYBR,None,21.112,18.498,24.096,24.346,24.472,0.188,,6.195,0.191,-4.4,TRUE,0.093,TRUE,3,20,,,1.232,N,74.396,,,N
251,K11,FALSE,7d Condition A Rep 2,Target1,UNKNOWN,SYBR,None,21.112,18.498,24.096,24.688,24.472,0.188,,6.195,0.191,-4.4,TRUE,0.093,TRUE,3,21,,,1.214,N,74.267,,,N
252,K12,FALSE,7d Condition A Rep 2,Target1,UNKNOWN,SYBR,None,21.112,18.498,24.096,24.382,24.472,0.188,,6.195,0.191,-4.4,TRUE,0.093,TRUE,3,20,,,1.229,N,74.267,,,N
253,K13,FALSE,7d Condition B Rep 1,Target1,UNKNOWN,SYBR,None,21.646,13.963,33.555,24.283,24.341,0.055,,6.159,0.632,-4.436,TRUE,0.093,TRUE,3,20,,,1.227,N,74.267,,,N
254,K14,FALSE,7d Condition B Rep 1,Target1,UNKNOWN,SYBR,None,21.646,13.963,33.555,24.393,24.341,0.055,,6.159,0.632,-4.436,TRUE,0.093,TRUE,3,20,,,1.224,N,74.267,,,N
255,K15,FALSE,7d Condition B Rep 1,Target1,UNKNOWN,SYBR,None,21.646,13.963,33.555,24.349,24.341,0.055,,6.159,0.632,-4.436,TRUE,0.093,TRUE,3,20,,,1.224,N,74.267,,,N
256,K16,FALSE,7d Condition B Rep 2,Target1,UNKNOWN,SYBR,None,20.987,13.616,32.347,24.267,24.361,0.083,,6.204,0.624,-4.391,TRUE,0.093,TRUE,3,20,,,1.235,N,74.396,,,N
257,K17,FALSE,7d Condition B Rep 2,Target1,UNKNOWN,SYBR,None,20.987,13.616,32.347,24.425,24.361,0.083,,6.204,0.624,-4.391,TRUE,0.093,TRUE,3,20,,,1.225,N,74.139,,,N
258,K18,FALSE,7d Condition B Rep 2,Target1,UNKNOWN,SYBR,None,20.987,13.616,32.347,24.39,24.361,0.083,,6.204,0.624,-4.391,TRUE,0.093,TRUE,3,20,,,1.225,N,74.267,,,N
265,L1,FALSE,5d Condition B Rep 1,Target2,UNKNOWN,SYBR,None,14.508,9.06,23.233,33.365,32.635,0.661,,14.718,0.679,-3.859,TRUE,0.111,TRUE,3,28,,,1.315,Y,69.779,,,N
266,L2,FALSE,5d Condition B Rep 1,Target2,UNKNOWN,SYBR,None,14.508,9.06,23.233,32.078,32.635,0.661,,14.718,0.679,-3.859,TRUE,0.111,TRUE,3,27,,,1.351,Y,69.907,,,N
267,L3,FALSE,5d Condition B Rep 1,Target2,UNKNOWN,SYBR,None,14.508,9.06,23.233,32.463,32.635,0.661,,14.718,0.679,-3.859,TRUE,0.111,TRUE,3,27,,,1.338,Y,69.907,,,N
268,L4,FALSE,5d Condition B Rep 2,Target2,UNKNOWN,SYBR,None,15.952,11.781,21.599,33.221,33.252,0.434,,14.581,0.437,-3.996,TRUE,0.111,TRUE,3,28,,,1.327,N,70.035,,,N
269,L5,FALSE,5d Condition B Rep 2,Target2,UNKNOWN,SYBR,None,15.952,11.781,21.599,33.701,33.252,0.434,,14.581,0.437,-3.996,TRUE,0.111,TRUE,3,29,,,1.302,N,69.907,,,N
270,L6,FALSE,5d Condition B Rep 2,Target2,UNKNOWN,SYBR,None,15.952,11.781,21.599,32.835,33.252,0.434,,14.581,0.437,-3.996,TRUE,0.111,TRUE,3,28,,,1.332,N,70.035,,,N
271,L7,FALSE,7d Condition A Rep 1,Target2,UNKNOWN,SYBR,None,63.477,55.217,72.973,30.679,30.822,0.188,,12.589,0.201,-5.988,TRUE,0.111,TRUE,3,26,,,1.364,N,70.035,,,N
272,L8,FALSE,7d Condition A Rep 1,Target2,UNKNOWN,SYBR,None,63.477,55.217,72.973,31.035,30.822,0.188,,12.589,0.201,-5.988,TRUE,0.111,TRUE,3,26,,,1.346,N,70.035,,,N
273,L9,FALSE,7d Condition A Rep 1,Target2,UNKNOWN,SYBR,None,63.477,55.217,72.973,30.751,30.822,0.188,,12.589,0.201,-5.988,TRUE,0.111,TRUE,3,26,,,1.353,N,70.035,,,N
274,L10,FALSE,7d Condition A Rep 2,Target2,UNKNOWN,SYBR,None,70.161,66.429,74.103,30.713,30.721,0.072,,12.444,0.079,-6.133,TRUE,0.111,TRUE,3,26,,,1.35,N,70.035,,,N
275,L11,FALSE,7d Condition A Rep 2,Target2,UNKNOWN,SYBR,None,70.161,66.429,74.103,30.653,30.721,0.072,,12.444,0.079,-6.133,TRUE,0.111,TRUE,3,26,,,1.356,N,70.035,,,N
276,L12,FALSE,7d Condition A Rep 2,Target2,UNKNOWN,SYBR,None,70.161,66.429,74.103,30.796,30.721,0.072,,12.444,0.079,-6.133,TRUE,0.111,TRUE,3,26,,,1.352,N,70.035,,,N
277,L13,FALSE,7d Condition B Rep 1,Target2,UNKNOWN,SYBR,None,16.428,9.324,28.942,33.317,32.721,0.52,,14.539,0.817,-4.038,TRUE,0.111,TRUE,3,28,,,1.309,Y,69.907,,,N
278,L14,FALSE,7d Condition B Rep 1,Target2,UNKNOWN,SYBR,None,16.428,9.324,28.942,32.483,32.721,0.52,,14.539,0.817,-4.038,TRUE,0.111,TRUE,3,27,,,1.327,Y,70.035,,,N
279,L15,FALSE,7d Condition B Rep 1,Target2,UNKNOWN,SYBR,None,16.428,9.324,28.942,32.362,32.721,0.52,,14.539,0.817,-4.038,TRUE,0.111,TRUE,3,27,,,1.332,Y,70.035,,,N
280,L16,FALSE,7d Condition B Rep 2,Target2,UNKNOWN,SYBR,None,23.433,14.998,36.613,32.355,32.183,0.178,,14.026,0.644,-4.55,TRUE,0.111,TRUE,3,27,,,1.339,N,70.035,,,N
281,L17,FALSE,7d Condition B Rep 2,Target2,UNKNOWN,SYBR,None,23.433,14.998,36.613,32.195,32.183,0.178,,14.026,0.644,-4.55,TRUE,0.111,TRUE,3,27,,,1.341,N,70.035,,,N
282,L18,FALSE,7d Condition B Rep 2,Target2,UNKNOWN,SYBR,None,23.433,14.998,36.613,31.999,32.183,0.178,,14.026,0.644,-4.55,TRUE,0.111,TRUE,3,27,,,1.347,N,70.035,,,N
289,M1,FALSE,5d Condition B Rep 1,Target3,UNKNOWN,SYBR,None,4.921,3.22,7.521,27.908,27.98,0.591,,10.063,0.612,-2.299,TRUE,0.249,TRUE,3,22,,,1.4,Y,79.269,,,N
290,M2,FALSE,5d Condition B Rep 1,Target3,UNKNOWN,SYBR,None,4.921,3.22,7.521,28.604,27.98,0.591,,10.063,0.612,-2.299,TRUE,0.249,TRUE,3,23,,,1.383,Y,78.756,,,N
291,M3,FALSE,5d Condition B Rep 1,Target3,UNKNOWN,SYBR,None,4.921,3.22,7.521,27.428,27.98,0.591,,10.063,0.612,-2.299,TRUE,0.249,TRUE,3,22,,,1.426,Y,80.038,,,N
292,M4,FALSE,5d Condition B Rep 2,Target3,UNKNOWN,SYBR,None,5.325,5.08,5.582,28.639,28.62,0.04,,9.949,0.068,-2.413,TRUE,0.249,TRUE,3,23,,,1.415,N,79.525,,,N
293,M5,FALSE,5d Condition B Rep 2,Target3,UNKNOWN,SYBR,None,5.325,5.08,5.582,28.648,28.62,0.04,,9.949,0.068,-2.413,TRUE,0.249,TRUE,3,23,,,1.412,N,79.525,,,N
294,M6,FALSE,5d Condition B Rep 2,Target3,UNKNOWN,SYBR,None,5.325,5.08,5.582,28.574,28.62,0.04,,9.949,0.068,-2.413,TRUE,0.249,TRUE,3,23,,,1.414,N,79.525,,,N
295,M7,FALSE,7d Condition A Rep 1,Target3,UNKNOWN,SYBR,None,17.527,16.628,18.473,26.473,26.464,0.027,,8.231,0.076,-4.131,TRUE,0.249,TRUE,3,21,,,1.417,N,79.525,,,N
296,M8,FALSE,7d Condition A Rep 1,Target3,UNKNOWN,SYBR,None,17.527,16.628,18.473,26.485,26.464,0.027,,8.231,0.076,-4.131,TRUE,0.249,TRUE,3,21,,,1.409,N,79.525,,,N
297,M9,FALSE,7d Condition A Rep 1,Target3,UNKNOWN,SYBR,None,17.527,16.628,18.473,26.434,26.464,0.027,,8.231,0.076,-4.131,TRUE,0.249,TRUE,3,21,,,1.414,N,79.525,,,N
298,M10,FALSE,7d Condition A Rep 2,Target3,UNKNOWN,SYBR,None,17.798,16.949,18.69,26.534,26.485,0.063,,8.208,0.071,-4.154,TRUE,0.249,TRUE,3,21,,,1.413,N,79.525,,,N
299,M11,FALSE,7d Condition A Rep 2,Target3,UNKNOWN,SYBR,None,17.798,16.949,18.69,26.414,26.485,0.063,,8.208,0.071,-4.154,TRUE,0.249,TRUE,3,21,,,1.417,N,79.525,,,N
300,M12,FALSE,7d Condition A Rep 2,Target3,UNKNOWN,SYBR,None,17.798,16.949,18.69,26.507,26.485,0.063,,8.208,0.071,-4.154,TRUE,0.249,TRUE,3,21,,,1.412,N,79.525,,,N
301,M13,FALSE,7d Condition B Rep 1,Target3,UNKNOWN,SYBR,None,9.506,5.825,15.512,27.318,27.295,0.32,,9.113,0.706,-3.249,TRUE,0.249,TRUE,3,22,,,1.405,N,79.397,,,N
302,M14,FALSE,7d Condition B Rep 1,Target3,UNKNOWN,SYBR,None,9.506,5.825,15.512,27.603,27.295,0.32,,9.113,0.706,-3.249,TRUE,0.249,TRUE,3,22,,,1.397,N,79.141,,,N
303,M15,FALSE,7d Condition B Rep 1,Target3,UNKNOWN,SYBR,None,9.506,5.825,15.512,26.965,27.295,0.32,,9.113,0.706,-3.249,TRUE,0.249,TRUE,3,21,,,1.426,N,79.91,,,N
304,M16,FALSE,7d Condition B Rep 2,Target3,UNKNOWN,SYBR,None,13.463,8.705,20.822,26.657,26.768,0.115,,8.611,0.629,-3.751,TRUE,0.249,TRUE,3,21,,,1.41,N,79.525,,,N
305,M17,FALSE,7d Condition B Rep 2,Target3,UNKNOWN,SYBR,None,13.463,8.705,20.822,26.886,26.768,0.115,,8.611,0.629,-3.751,TRUE,0.249,TRUE,3,21,,,1.39,N,79.397,,,N
306,M18,FALSE,7d Condition B Rep 2,Target3,UNKNOWN,SYBR,None,13.463,8.705,20.822,26.76,26.768,0.115,,8.611,0.629,-3.751,TRUE,0.249,TRUE,3,21,,,1.407,N,79.525,,,N
313,N1,FALSE,5d Condition B Rep 1,Target4,UNKNOWN,SYBR,None,4.309,3.808,4.876,25.789,25.763,0.083,,7.846,0.178,-2.107,TRUE,0.15,TRUE,3,21,,,1.407,N,74.011,,,N
314,N2,FALSE,5d Condition B Rep 1,Target4,UNKNOWN,SYBR,None,4.309,3.808,4.876,25.829,25.763,0.083,,7.846,0.178,-2.107,TRUE,0.15,TRUE,3,21,,,1.404,N,74.011,,,N
315,N3,FALSE,5d Condition B Rep 1,Target4,UNKNOWN,SYBR,None,4.309,3.808,4.876,25.67,25.763,0.083,,7.846,0.178,-2.107,TRUE,0.15,TRUE,3,21,,,1.405,N,74.139,,,N
316,N4,FALSE,5d Condition B Rep 2,Target4,UNKNOWN,SYBR,None,3.234,3.058,3.419,26.888,26.931,0.059,,8.26,0.08,-1.693,TRUE,0.15,TRUE,3,22,,,1.404,N,74.139,,,N
317,N5,FALSE,5d Condition B Rep 2,Target4,UNKNOWN,SYBR,None,3.234,3.058,3.419,26.906,26.931,0.059,,8.26,0.08,-1.693,TRUE,0.15,TRUE,3,22,,,1.405,N,74.139,,,N
318,N6,FALSE,5d Condition B Rep 2,Target4,UNKNOWN,SYBR,None,3.234,3.058,3.419,26.998,26.931,0.059,,8.26,0.08,-1.693,TRUE,0.15,TRUE,3,22,,,1.363,N,74.011,,,N
319,N7,FALSE,7d Condition A Rep 1,Target4,UNKNOWN,SYBR,None,10.81,10.26,11.39,24.777,24.752,0.025,,6.518,0.075,-3.434,TRUE,0.15,TRUE,3,20,,,1.406,N,74.139,,,N
320,N8,FALSE,7d Condition A Rep 1,Target4,UNKNOWN,SYBR,None,10.81,10.26,11.39,24.753,24.752,0.025,,6.518,0.075,-3.434,TRUE,0.15,TRUE,3,20,,,1.407,N,74.267,,,N
321,N9,FALSE,7d Condition A Rep 1,Target4,UNKNOWN,SYBR,None,10.81,10.26,11.39,24.726,24.752,0.025,,6.518,0.075,-3.434,TRUE,0.15,TRUE,3,20,,,1.402,N,74.267,,,N
322,N10,FALSE,7d Condition A Rep 2,Target4,UNKNOWN,SYBR,None,11.512,8.106,16.349,24.645,24.704,0.505,,6.428,0.506,-3.525,TRUE,0.15,TRUE,3,20,,,1.406,Y,74.267,,,N
323,N11,FALSE,7d Condition A Rep 2,Target4,UNKNOWN,SYBR,None,11.512,8.106,16.349,25.237,24.704,0.505,,6.428,0.506,-3.525,TRUE,0.15,TRUE,3,20,,,1.389,Y,73.754,,,N
324,N12,FALSE,7d Condition A Rep 2,Target4,UNKNOWN,SYBR,None,11.512,8.106,16.349,24.232,24.704,0.505,,6.428,0.506,-3.525,TRUE,0.15,TRUE,3,19,,,1.417,Y,74.524,,,N
325,N13,FALSE,7d Condition B Rep 1,Target4,UNKNOWN,SYBR,None,6.856,3.883,12.106,25.268,25.357,0.525,,7.176,0.82,-2.777,TRUE,0.15,TRUE,3,20,,,1.405,Y,74.267,,,N
326,N14,FALSE,7d Condition B Rep 1,Target4,UNKNOWN,SYBR,None,6.856,3.883,12.106,25.922,25.357,0.525,,7.176,0.82,-2.777,TRUE,0.15,TRUE,3,21,,,1.39,Y,73.754,,,N
327,N15,FALSE,7d Condition B Rep 1,Target4,UNKNOWN,SYBR,None,6.856,3.883,12.106,24.883,25.357,0.525,,7.176,0.82,-2.777,TRUE,0.15,TRUE,3,20,,,1.418,Y,74.652,,,N
328,N16,FALSE,7d Condition B Rep 2,Target4,UNKNOWN,SYBR,None,10.546,6.866,16.198,24.74,24.711,0.026,,6.554,0.619,-3.399,TRUE,0.15,TRUE,3,20,,,1.405,N,74.267,,,N
329,N17,FALSE,7d Condition B Rep 2,Target4,UNKNOWN,SYBR,None,10.546,6.866,16.198,24.691,24.711,0.026,,6.554,0.619,-3.399,TRUE,0.15,TRUE,3,20,,,1.402,N,74.267,,,N
330,N18,FALSE,7d Condition B Rep 2,Target4,UNKNOWN,SYBR,None,10.546,6.866,16.198,24.702,24.711,0.026,,6.554,0.619,-3.399,TRUE,0.15,TRUE,3,20,,,1.401,N,74.139,,,N
337,O1,FALSE,5d Condition B Rep 1,Housekeeper,UNKNOWN,SYBR,None,,,,18.082,17.917,0.158,,,,,TRUE,0.35,TRUE,3,12,,,1.422,N,81.064,,,N
338,O2,FALSE,5d Condition B Rep 1,Housekeeper,UNKNOWN,SYBR,None,,,,17.767,17.917,0.158,,,,,TRUE,0.35,TRUE,3,12,,,1.44,N,81.577,,,N
339,O3,FALSE,5d Condition B Rep 1,Housekeeper,UNKNOWN,SYBR,None,,,,17.903,17.917,0.158,,,,,TRUE,0.35,TRUE,3,12,,,1.434,N,81.321,,,N
340,O4,FALSE,5d Condition B Rep 2,Housekeeper,UNKNOWN,SYBR,None,,,,18.608,18.671,0.055,,,,,TRUE,0.35,TRUE,3,12,,,1.446,N,81.449,,,N
341,O5,FALSE,5d Condition B Rep 2,Housekeeper,UNKNOWN,SYBR,None,,,,18.705,18.671,0.055,,,,,TRUE,0.35,TRUE,3,12,,,1.44,N,81.449,,,N
342,O6,FALSE,5d Condition B Rep 2,Housekeeper,UNKNOWN,SYBR,None,,,,18.701,18.671,0.055,,,,,TRUE,0.35,TRUE,3,12,,,1.436,N,81.449,,,N
343,O7,FALSE,7d Condition A Rep 1,Housekeeper,UNKNOWN,SYBR,None,,,,18.167,18.233,0.071,,,,,TRUE,0.35,TRUE,3,12,,,1.432,N,81.449,,,N
344,O8,FALSE,7d Condition A Rep 1,Housekeeper,UNKNOWN,SYBR,None,,,,18.225,18.233,0.071,,,,,TRUE,0.35,TRUE,3,12,,,1.427,N,81.449,,,N
345,O9,FALSE,7d Condition A Rep 1,Housekeeper,UNKNOWN,SYBR,None,,,,18.308,18.233,0.071,,,,,TRUE,0.35,TRUE,3,12,,,1.442,N,81.449,,,N
346,O10,FALSE,7d Condition A Rep 2,Housekeeper,UNKNOWN,SYBR,None,,,,18.297,18.277,0.032,,,,,TRUE,0.35,TRUE,3,12,,,1.44,N,81.577,,,N
347,O11,FALSE,7d Condition A Rep 2,Housekeeper,UNKNOWN,SYBR,None,,,,18.239,18.277,0.032,,,,,TRUE,0.35,TRUE,3,12,,,1.444,N,81.577,,,N
348,O12,FALSE,7d Condition A Rep 2,Housekeeper,UNKNOWN,SYBR,None,,,,18.293,18.277,0.032,,,,,TRUE,0.35,TRUE,3,12,,,1.441,N,81.577,,,N
349,O13,FALSE,7d Condition B Rep 1,Housekeeper,UNKNOWN,SYBR,None,,,,18.126,18.182,0.63,,,,,TRUE,0.35,TRUE,3,12,,,1.427,Y,81.449,,,N
350,O14,FALSE,7d Condition B Rep 1,Housekeeper,UNKNOWN,SYBR,None,,,,18.838,18.182,0.63,,,,,TRUE,0.35,TRUE,3,12,,,1.408,Y,80.936,,,N
351,O15,FALSE,7d Condition B Rep 1,Housekeeper,UNKNOWN,SYBR,None,,,,17.582,18.182,0.63,,,,,TRUE,0.35,TRUE,3,11,,,1.458,Y,82.09,,,N
352,O16,FALSE,7d Condition B Rep 2,Housekeeper,UNKNOWN,SYBR,None,,,,18.822,18.157,0.619,,,,,TRUE,0.35,TRUE,3,12,,,1.412,Y,80.936,,,N
353,O17,FALSE,7d Condition B Rep 2,Housekeeper,UNKNOWN,SYBR,None,,,,17.599,18.157,0.619,,,,,TRUE,0.35,TRUE,3,11,,,1.456,Y,81.962,,,N
354,O18,FALSE,7d Condition B Rep 2,Housekeeper,UNKNOWN,SYBR,None,,,,18.048,18.157,0.619,,,,,TRUE,0.35,TRUE,3,12,,,1.432,Y,81.449,,,N
,,,,,,,,,,,,,,,,,,,,,,,,,,,,,,
Analysis Type,Singleplex,,,,,,,,,,,,,,,,,,,,,,,,,,,,,
Endogenous Control,Housekeeper,,,,,,,,,,,,,,,,,,,,,,,,,,,,,
RQ Min/Max Standard Deviations,1,,,,,,,,,,,,,,,,,,,,,,,,,,,,,
Reference Sample,D0 Untreated Rep 1,,,,,,,,,,,,,,,,,,,,,,,,,,,,,
